{"v":"5.5.9","fr":25,"ip":25,"op":100,"w":130,"h":130,"nm":"蓝色波纹颜色加深","ddd":0,"assets":[{"id":"image_0","w":110,"h":110,"u":"images/","p":"img_0.png","e":0}],"layers":[{"ddd":0,"ind":2,"ty":2,"nm":"img_0.png","cl":"png","refId":"image_0","sr":1,"ks":{"o":{"a":1,"k":[{"i":{"x":[0.833],"y":[0.833]},"o":{"x":[0.167],"y":[0.167]},"t":75,"s":[100]},{"t":125,"s":[0]}],"ix":11},"r":{"a":0,"k":0,"ix":10},"p":{"a":0,"k":[65,65,0],"ix":2},"a":{"a":0,"k":[55,55,0],"ix":1},"s":{"a":1,"k":[{"i":{"x":[0.58,0.58,0.58],"y":[1,1,1]},"o":{"x":[0.42,0.42,0.42],"y":[0,0,0]},"t":75,"s":[100,100,100]},{"t":125,"s":[120,120,100]}],"ix":6}},"ao":0,"ip":75,"op":125,"st":75,"bm":0},{"ddd":0,"ind":3,"ty":2,"nm":"img_0.png","cl":"png","refId":"image_0","sr":1,"ks":{"o":{"a":1,"k":[{"i":{"x":[0.833],"y":[0.833]},"o":{"x":[0.167],"y":[0.167]},"t":50,"s":[100]},{"t":100,"s":[0]}],"ix":11},"r":{"a":0,"k":0,"ix":10},"p":{"a":0,"k":[65,65,0],"ix":2},"a":{"a":0,"k":[55,55,0],"ix":1},"s":{"a":1,"k":[{"i":{"x":[0.58,0.58,0.58],"y":[1,1,1]},"o":{"x":[0.42,0.42,0.42],"y":[0,0,0]},"t":50,"s":[100,100,100]},{"t":100,"s":[120,120,100]}],"ix":6}},"ao":0,"ip":50,"op":100,"st":50,"bm":0},{"ddd":0,"ind":4,"ty":2,"nm":"img_0.png","cl":"png","refId":"image_0","sr":1,"ks":{"o":{"a":1,"k":[{"i":{"x":[0.833],"y":[0.833]},"o":{"x":[0.167],"y":[0.167]},"t":25,"s":[100]},{"t":75,"s":[0]}],"ix":11},"r":{"a":0,"k":0,"ix":10},"p":{"a":0,"k":[65,65,0],"ix":2},"a":{"a":0,"k":[55,55,0],"ix":1},"s":{"a":1,"k":[{"i":{"x":[0.58,0.58,0.58],"y":[1,1,1]},"o":{"x":[0.42,0.42,0.42],"y":[0,0,0]},"t":25,"s":[100,100,100]},{"t":75,"s":[120,120,100]}],"ix":6}},"ao":0,"ip":25,"op":75,"st":25,"bm":0},{"ddd":0,"ind":5,"ty":2,"nm":"img_0.png","cl":"png","refId":"image_0","sr":1,"ks":{"o":{"a":1,"k":[{"i":{"x":[0.833],"y":[0.833]},"o":{"x":[0.167],"y":[0.167]},"t":0,"s":[100]},{"t":50,"s":[0]}],"ix":11},"r":{"a":0,"k":0,"ix":10},"p":{"a":0,"k":[65,65,0],"ix":2},"a":{"a":0,"k":[55,55,0],"ix":1},"s":{"a":1,"k":[{"i":{"x":[0.58,0.58,0.58],"y":[1,1,1]},"o":{"x":[0.42,0.42,0.42],"y":[0,0,0]},"t":0,"s":[100,100,100]},{"t":50,"s":[120,120,100]}],"ix":6}},"ao":0,"ip":0,"op":50,"st":0,"bm":0}],"markers":[]}