{"v":"5.5.5","fr":25,"ip":0,"op":1250,"w":1624,"h":1624,"nm":"lottie第一阶段 v1.1","ddd":0,"assets":[{"id":"image_0","w":116,"h":116,"u":"images/","p":"img_0.png","e":0},{"id":"image_1","w":116,"h":116,"u":"images/","p":"img_1.png","e":0},{"id":"image_2","w":116,"h":116,"u":"images/","p":"img_2.png","e":0},{"id":"image_3","w":116,"h":116,"u":"images/","p":"img_3.png","e":0},{"id":"image_4","w":116,"h":116,"u":"images/","p":"img_4.png","e":0},{"id":"image_5","w":116,"h":116,"u":"images/","p":"img_5.png","e":0},{"id":"image_6","w":116,"h":116,"u":"images/","p":"img_6.png","e":0},{"id":"image_7","w":116,"h":116,"u":"images/","p":"img_7.png","e":0},{"id":"image_8","w":116,"h":116,"u":"images/","p":"img_8.png","e":0},{"id":"image_9","w":116,"h":116,"u":"images/","p":"img_9.png","e":0},{"id":"image_10","w":116,"h":116,"u":"images/","p":"img_10.png","e":0},{"id":"image_11","w":116,"h":116,"u":"images/","p":"img_11.png","e":0},{"id":"image_12","w":116,"h":116,"u":"images/","p":"img_12.png","e":0},{"id":"image_13","w":116,"h":116,"u":"images/","p":"img_13.png","e":0},{"id":"image_14","w":116,"h":116,"u":"images/","p":"img_14.png","e":0},{"id":"image_15","w":116,"h":116,"u":"images/","p":"img_15.png","e":0},{"id":"image_16","w":1227,"h":1227,"u":"images/","p":"img_16.png","e":0}],"layers":[{"ddd":0,"ind":1,"ty":2,"nm":"头像18.png","cl":"png","refId":"image_0","sr":1,"ks":{"o":{"a":1,"k":[{"i":{"x":[0.833],"y":[0.833]},"o":{"x":[0.167],"y":[0.167]},"t":1125,"s":[0]},{"i":{"x":[0.833],"y":[0.833]},"o":{"x":[0.167],"y":[0.167]},"t":1130,"s":[100]},{"i":{"x":[0.833],"y":[0.833]},"o":{"x":[0.167],"y":[0.167]},"t":1205,"s":[100]},{"t":1210,"s":[0]}],"ix":11},"r":{"a":0,"k":0,"ix":10},"p":{"a":1,"k":[{"i":{"x":0.833,"y":0.833},"o":{"x":0.167,"y":0.167},"t":1125,"s":[1049,645,0],"to":[37.167,52,0],"ti":[0,0,0]},{"t":1210,"s":[1096.5,759.25,0]}],"ix":2},"a":{"a":0,"k":[58,58,0],"ix":1},"s":{"a":1,"k":[{"i":{"x":[0.6,0.6,0.6],"y":[1,1,1]},"o":{"x":[0.32,0.32,0.32],"y":[0.94,0.94,0]},"t":1125,"s":[50,50,100]},{"i":{"x":[0.833,0.833,0.833],"y":[1,1,1]},"o":{"x":[0.287,0.287,0.287],"y":[0,0,0]},"t":1135,"s":[100,100,100]},{"i":{"x":[0.68,0.68,0.68],"y":[0.06,0.06,1]},"o":{"x":[0.4,0.4,0.4],"y":[0,0,0]},"t":1200,"s":[100,100,100]},{"t":1210,"s":[50,50,100]}],"ix":6}},"ao":0,"ip":1125,"op":1211,"st":0,"bm":0},{"ddd":0,"ind":2,"ty":2,"nm":"头像17.png","cl":"png","refId":"image_1","sr":1,"ks":{"o":{"a":1,"k":[{"i":{"x":[0.833],"y":[0.833]},"o":{"x":[0.167],"y":[0.167]},"t":925,"s":[0]},{"i":{"x":[0.833],"y":[0.833]},"o":{"x":[0.167],"y":[0.167]},"t":930,"s":[100]},{"i":{"x":[0.833],"y":[0.833]},"o":{"x":[0.167],"y":[0.167]},"t":1020,"s":[100]},{"t":1025,"s":[0]}],"ix":11},"r":{"a":0,"k":0,"ix":10},"p":{"a":1,"k":[{"i":{"x":0.833,"y":0.833},"o":{"x":0.167,"y":0.167},"t":927,"s":[801,522,0],"to":[34.417,0,0],"ti":[-50.667,-27.75,0]},{"t":1025,"s":[940,552,0]}],"ix":2},"a":{"a":0,"k":[58,58,0],"ix":1},"s":{"a":1,"k":[{"i":{"x":[0.6,0.6,0.6],"y":[1,1,1]},"o":{"x":[0.32,0.32,0.32],"y":[0.94,0.94,0]},"t":925,"s":[50,50,100]},{"i":{"x":[0.833,0.833,0.833],"y":[1,1,1]},"o":{"x":[0.32,0.32,0.32],"y":[0,0,0]},"t":935,"s":[100,100,100]},{"i":{"x":[0.68,0.68,0.68],"y":[0.06,0.06,1]},"o":{"x":[0.4,0.4,0.4],"y":[0,0,0]},"t":1015,"s":[100,100,100]},{"t":1025,"s":[50,50,100]}],"ix":6}},"ao":0,"ip":925,"op":1025,"st":-2,"bm":0},{"ddd":0,"ind":3,"ty":2,"nm":"头像16.png","cl":"png","refId":"image_2","sr":1,"ks":{"o":{"a":1,"k":[{"i":{"x":[0.833],"y":[0.833]},"o":{"x":[0.167],"y":[0.167]},"t":673,"s":[0]},{"i":{"x":[0.833],"y":[0.833]},"o":{"x":[0.167],"y":[0.167]},"t":678,"s":[100]},{"i":{"x":[0.833],"y":[0.833]},"o":{"x":[0.167],"y":[0.167]},"t":793,"s":[100]},{"t":798,"s":[0]}],"ix":11},"r":{"a":0,"k":0,"ix":10},"p":{"a":1,"k":[{"i":{"x":0.833,"y":0.833},"o":{"x":0.167,"y":0.167},"t":673,"s":[559,668,0],"to":[15.417,-26.417,0],"ti":[-77.167,34.917,0]},{"t":798,"s":[692,547,0]}],"ix":2},"a":{"a":0,"k":[58,58,0],"ix":1},"s":{"a":1,"k":[{"i":{"x":[0.6,0.6,0.6],"y":[1,1,1]},"o":{"x":[0.32,0.32,0.32],"y":[0.94,0.94,0]},"t":673,"s":[50,50,100]},{"i":{"x":[0.833,0.833,0.833],"y":[1,1,1]},"o":{"x":[0.32,0.32,0.32],"y":[0,0,0]},"t":683,"s":[100,100,100]},{"i":{"x":[0.68,0.68,0.68],"y":[0.06,0.06,1]},"o":{"x":[0.4,0.4,0.4],"y":[0,0,0]},"t":788,"s":[100,100,100]},{"t":798,"s":[50,50,100]}],"ix":6}},"ao":0,"ip":673,"op":798,"st":4,"bm":0},{"ddd":0,"ind":4,"ty":2,"nm":"头像15.png","cl":"png","refId":"image_3","sr":1,"ks":{"o":{"a":1,"k":[{"i":{"x":[0.833],"y":[0.833]},"o":{"x":[0.167],"y":[0.167]},"t":450,"s":[68]},{"i":{"x":[0.833],"y":[0.833]},"o":{"x":[0.167],"y":[0.167]},"t":455,"s":[100]},{"i":{"x":[0.833],"y":[0.833]},"o":{"x":[0.167],"y":[0.167]},"t":595,"s":[100]},{"t":600,"s":[68]}],"ix":11},"r":{"a":0,"k":0,"ix":10},"p":{"a":1,"k":[{"i":{"x":0.833,"y":0.833},"o":{"x":0.167,"y":0.167},"t":450,"s":[623.5,1032.5,0],"to":[-51.833,-43.917,0],"ti":[11.083,81.667,0]},{"t":599,"s":[523,845.75,0]}],"ix":2},"a":{"a":0,"k":[58,58,0],"ix":1},"s":{"a":1,"k":[{"i":{"x":[0.6,0.6,0.6],"y":[1,1,1]},"o":{"x":[0.32,0.32,0.32],"y":[0.94,0.94,0]},"t":450,"s":[50,50,100]},{"i":{"x":[0.833,0.833,0.833],"y":[1,1,1]},"o":{"x":[0.32,0.32,0.32],"y":[0,0,0]},"t":460,"s":[100,100,100]},{"i":{"x":[0.68,0.68,0.68],"y":[0.06,0.06,1]},"o":{"x":[0.4,0.4,0.4],"y":[0,0,0]},"t":590,"s":[100,100,100]},{"t":600,"s":[50,50,100]}],"ix":6}},"ao":0,"ip":450,"op":600,"st":0,"bm":0},{"ddd":0,"ind":5,"ty":2,"nm":"头像14.png","cl":"png","refId":"image_4","sr":1,"ks":{"o":{"a":1,"k":[{"i":{"x":[0.833],"y":[0.833]},"o":{"x":[0.167],"y":[0.167]},"t":250,"s":[0]},{"i":{"x":[0.833],"y":[0.833]},"o":{"x":[0.167],"y":[0.167]},"t":255,"s":[100]},{"i":{"x":[0.833],"y":[0.833]},"o":{"x":[0.167],"y":[0.167]},"t":320,"s":[100]},{"t":325,"s":[0]}],"ix":11},"r":{"a":0,"k":0,"ix":10},"p":{"a":1,"k":[{"i":{"x":0.833,"y":0.833},"o":{"x":0.167,"y":0.167},"t":250,"s":[866.75,527.5,0],"to":[30,2.5,0],"ti":[19.75,-251.75,0]},{"t":550,"s":[1099,846.5,0]}],"ix":2},"a":{"a":0,"k":[58,58,0],"ix":1},"s":{"a":1,"k":[{"i":{"x":[0.6,0.6,0.6],"y":[1,1,1]},"o":{"x":[0.32,0.32,0.32],"y":[0.94,0.94,0]},"t":250,"s":[50,50,100]},{"i":{"x":[0.833,0.833,0.833],"y":[1,1,1]},"o":{"x":[0.167,0.167,0.167],"y":[0,0,0]},"t":260,"s":[100,100,100]},{"i":{"x":[0.68,0.68,0.68],"y":[0.06,0.06,1]},"o":{"x":[0.4,0.4,0.4],"y":[0,0,0]},"t":315,"s":[100,100,100]},{"t":325,"s":[50,50,100]}],"ix":6}},"ao":0,"ip":250,"op":327,"st":0,"bm":0},{"ddd":0,"ind":6,"ty":2,"nm":"头像3.png","cl":"png","refId":"image_5","sr":1,"ks":{"o":{"a":1,"k":[{"i":{"x":[0.833],"y":[0.833]},"o":{"x":[0.167],"y":[0.167]},"t":75,"s":[0]},{"i":{"x":[0.833],"y":[0.833]},"o":{"x":[0.167],"y":[0.167]},"t":80,"s":[100]},{"i":{"x":[0.833],"y":[0.833]},"o":{"x":[0.167],"y":[0.167]},"t":194,"s":[100]},{"t":199,"s":[0]}],"ix":11},"r":{"a":0,"k":0,"ix":10},"p":{"a":1,"k":[{"i":{"x":0.833,"y":0.833},"o":{"x":0.167,"y":0.167},"t":75,"s":[1080,922,0],"to":[-54.25,129.25,0],"ti":[138,25.667,0]},{"t":350,"s":[753,1096,0]}],"ix":2},"a":{"a":0,"k":[58,58,0],"ix":1},"s":{"a":1,"k":[{"i":{"x":[0.6,0.6,0.6],"y":[1,1,1]},"o":{"x":[0.32,0.32,0.32],"y":[0.94,0.94,0]},"t":75,"s":[50,50,100]},{"i":{"x":[0.833,0.833,0.833],"y":[1,1,1]},"o":{"x":[0.32,0.32,0.32],"y":[0,0,0]},"t":85,"s":[100,100,100]},{"i":{"x":[0.68,0.68,0.68],"y":[0.06,0.06,1]},"o":{"x":[0.4,0.4,0.4],"y":[0,0,0]},"t":189,"s":[100,100,100]},{"t":199,"s":[50,50,100]}],"ix":6}},"ao":0,"ip":75,"op":210,"st":0,"bm":0},{"ddd":0,"ind":7,"ty":2,"nm":"头像13.png","cl":"png","refId":"image_6","sr":1,"ks":{"o":{"a":1,"k":[{"i":{"x":[0.833],"y":[0.833]},"o":{"x":[0.167],"y":[0.167]},"t":921,"s":[0]},{"i":{"x":[0.833],"y":[0.833]},"o":{"x":[0.167],"y":[0.167]},"t":926,"s":[100]},{"i":{"x":[0.833],"y":[0.833]},"o":{"x":[0.167],"y":[0.167]},"t":985,"s":[100]},{"t":990,"s":[0]}],"ix":11},"r":{"a":0,"k":0,"ix":10},"p":{"a":1,"k":[{"i":{"x":0.833,"y":0.833},"o":{"x":0.167,"y":0.167},"t":919,"s":[1223.75,963.75,0],"to":[-14.333,41.708,0],"ti":[34.083,-40.333,0]},{"t":990,"s":[1147.5,1094.875,0]}],"ix":2},"a":{"a":0,"k":[58,58,0],"ix":1},"s":{"a":1,"k":[{"i":{"x":[0.6,0.6,0.6],"y":[1,1,1]},"o":{"x":[0.32,0.32,0.32],"y":[0.94,0.94,0]},"t":921,"s":[50,50,100]},{"i":{"x":[0.833,0.833,0.833],"y":[1,1,1]},"o":{"x":[0.32,0.32,0.32],"y":[0,0,0]},"t":931,"s":[100,100,100]},{"i":{"x":[0.68,0.68,0.68],"y":[0.06,0.06,1]},"o":{"x":[0.4,0.4,0.4],"y":[0,0,0]},"t":980,"s":[100,100,100]},{"t":990,"s":[50,50,100]}],"ix":6}},"ao":0,"ip":919,"op":997,"st":0,"bm":0},{"ddd":0,"ind":8,"ty":2,"nm":"头像11.png","cl":"png","refId":"image_7","sr":1,"ks":{"o":{"a":1,"k":[{"i":{"x":[0.833],"y":[0.833]},"o":{"x":[0.167],"y":[0.167]},"t":629,"s":[0]},{"i":{"x":[0.833],"y":[0.833]},"o":{"x":[0.167],"y":[0.167]},"t":634,"s":[100]},{"i":{"x":[0.833],"y":[0.833]},"o":{"x":[0.167],"y":[0.167]},"t":710,"s":[100]},{"t":715,"s":[0]}],"ix":11},"r":{"a":0,"k":0,"ix":10},"p":{"a":1,"k":[{"i":{"x":0.833,"y":0.833},"o":{"x":0.167,"y":0.167},"t":624,"s":[1136,515.5,0],"to":[28.917,22.917,0],"ti":[-16.792,-52.667,0]},{"t":715,"s":[1231,682,0]}],"ix":2},"a":{"a":0,"k":[58,58,0],"ix":1},"s":{"a":1,"k":[{"i":{"x":[0.6,0.6,0.6],"y":[1,1,1]},"o":{"x":[0.32,0.32,0.32],"y":[0.94,0.94,0]},"t":629,"s":[50,50,100]},{"i":{"x":[0.833,0.833,0.833],"y":[1,1,1]},"o":{"x":[0.32,0.32,0.32],"y":[0,0,0]},"t":639,"s":[100,100,100]},{"i":{"x":[0.68,0.68,0.68],"y":[0.06,0.06,1]},"o":{"x":[0.4,0.4,0.4],"y":[0,0,0]},"t":705,"s":[100,100,100]},{"t":715,"s":[50,50,100]}],"ix":6}},"ao":0,"ip":624,"op":715,"st":-15,"bm":0},{"ddd":0,"ind":9,"ty":2,"nm":"头像7.png","cl":"png","refId":"image_8","sr":1,"ks":{"o":{"a":1,"k":[{"i":{"x":[0.833],"y":[0.833]},"o":{"x":[0.167],"y":[0.167]},"t":262,"s":[0]},{"i":{"x":[0.833],"y":[0.833]},"o":{"x":[0.167],"y":[0.167]},"t":267,"s":[100]},{"i":{"x":[0.833],"y":[0.833]},"o":{"x":[0.167],"y":[0.167]},"t":335,"s":[100]},{"t":340,"s":[0]}],"ix":11},"r":{"a":0,"k":0,"ix":10},"p":{"a":1,"k":[{"i":{"x":0.833,"y":0.833},"o":{"x":0.167,"y":0.167},"t":262,"s":[542.5,920.125,0],"to":[-16.833,-38,0],"ti":[-16.667,71,0]},{"t":382,"s":[528.5,747.5,0]}],"ix":2},"a":{"a":0,"k":[58,58,0],"ix":1},"s":{"a":1,"k":[{"i":{"x":[0.6,0.6,0.6],"y":[1,1,1]},"o":{"x":[0.32,0.32,0.32],"y":[0.94,0.94,0]},"t":262,"s":[50,50,100]},{"i":{"x":[0.833,0.833,0.833],"y":[1,1,1]},"o":{"x":[0.32,0.32,0.32],"y":[0,0,0]},"t":272,"s":[100,100,100]},{"i":{"x":[0.68,0.68,0.68],"y":[0.06,0.06,1]},"o":{"x":[0.4,0.4,0.4],"y":[0,0,0]},"t":330,"s":[100,100,100]},{"t":340,"s":[50,50,100]}],"ix":6}},"ao":0,"ip":262,"op":405,"st":0,"bm":0},{"ddd":0,"ind":10,"ty":2,"nm":"头像5.png","cl":"png","refId":"image_9","sr":1,"ks":{"o":{"a":1,"k":[{"i":{"x":[0.833],"y":[0.833]},"o":{"x":[0.167],"y":[0.167]},"t":175,"s":[0]},{"i":{"x":[0.833],"y":[0.833]},"o":{"x":[0.167],"y":[0.167]},"t":180,"s":[100]},{"i":{"x":[0.833],"y":[0.833]},"o":{"x":[0.167],"y":[0.167]},"t":230,"s":[100]},{"t":235,"s":[0]}],"ix":11},"r":{"a":0,"k":0,"ix":10},"p":{"a":1,"k":[{"i":{"x":0.833,"y":0.833},"o":{"x":0.167,"y":0.167},"t":175,"s":[373,789,0],"to":[0.167,-69.5,0],"ti":[-97.667,86.5,0]},{"t":325,"s":[506,495,0]}],"ix":2},"a":{"a":0,"k":[58,58,0],"ix":1},"s":{"a":1,"k":[{"i":{"x":[0.6,0.6,0.6],"y":[1,1,1]},"o":{"x":[0.32,0.32,0.32],"y":[0.94,0.94,0]},"t":175,"s":[50,50,100]},{"i":{"x":[0.833,0.833,0.833],"y":[1,1,1]},"o":{"x":[0.32,0.32,0.32],"y":[0,0,0]},"t":185,"s":[100,100,100]},{"i":{"x":[0.68,0.68,0.68],"y":[0.06,0.06,1]},"o":{"x":[0.4,0.4,0.4],"y":[0,0,0]},"t":225,"s":[100,100,100]},{"t":235,"s":[50,50,100]}],"ix":6}},"ao":0,"ip":175,"op":235,"st":0,"bm":0},{"ddd":0,"ind":11,"ty":2,"nm":"头像10.png","cl":"png","refId":"image_10","sr":1,"ks":{"o":{"a":1,"k":[{"i":{"x":[0.833],"y":[0.833]},"o":{"x":[0.167],"y":[0.167]},"t":33,"s":[0]},{"i":{"x":[0.833],"y":[0.833]},"o":{"x":[0.167],"y":[0.167]},"t":38,"s":[100]},{"i":{"x":[0.833],"y":[0.833]},"o":{"x":[0.167],"y":[0.167]},"t":115,"s":[100]},{"t":120,"s":[0]}],"ix":11},"r":{"a":0,"k":0,"ix":10},"p":{"a":1,"k":[{"i":{"x":0.833,"y":0.833},"o":{"x":0.167,"y":0.167},"t":0,"s":[516,1137,0],"to":[-70.583,-58.25,0],"ti":[-213.667,291.75,0]},{"t":300,"s":[468.75,535.25,0]}],"ix":2},"a":{"a":0,"k":[58,58,0],"ix":1},"s":{"a":1,"k":[{"i":{"x":[0.6,0.6,0.6],"y":[1,1,1]},"o":{"x":[0.32,0.32,0.32],"y":[0.94,0.94,0]},"t":33,"s":[50,50,100]},{"i":{"x":[0.833,0.833,0.833],"y":[1,1,1]},"o":{"x":[0.32,0.32,0.32],"y":[0,0,0]},"t":43,"s":[100,100,100]},{"i":{"x":[0.68,0.68,0.68],"y":[0.06,0.06,1]},"o":{"x":[0.4,0.4,0.4],"y":[0,0,0]},"t":110,"s":[100,100,100]},{"t":120,"s":[50,50,100]}],"ix":6}},"ao":0,"ip":19,"op":120,"st":45,"bm":0},{"ddd":0,"ind":12,"ty":2,"nm":"头像9.png","cl":"png","refId":"image_11","sr":1,"ks":{"o":{"a":1,"k":[{"i":{"x":[0.833],"y":[0.833]},"o":{"x":[0.167],"y":[0.167]},"t":1041,"s":[0]},{"i":{"x":[0.833],"y":[0.833]},"o":{"x":[0.167],"y":[0.167]},"t":1046,"s":[100]},{"i":{"x":[0.833],"y":[0.833]},"o":{"x":[0.167],"y":[0.167]},"t":1145,"s":[100]},{"t":1150,"s":[0]}],"ix":11},"r":{"a":0,"k":0,"ix":10},"p":{"a":1,"k":[{"i":{"x":0.833,"y":0.833},"o":{"x":0.167,"y":0.167},"t":1041,"s":[529.125,749.875,0],"to":[9.562,-41.729,0],"ti":[-38.062,41.479,0]},{"t":1150,"s":[597,618,0]}],"ix":2},"a":{"a":0,"k":[58,58,0],"ix":1},"s":{"a":1,"k":[{"i":{"x":[0.6,0.6,0.6],"y":[1,1,1]},"o":{"x":[0.32,0.32,0.32],"y":[0.94,0.94,0]},"t":1041,"s":[50,50,100]},{"i":{"x":[0.833,0.833,0.833],"y":[1,1,1]},"o":{"x":[0.32,0.32,0.32],"y":[0,0,0]},"t":1051,"s":[100,100,100]},{"i":{"x":[0.68,0.68,0.68],"y":[0.06,0.06,1]},"o":{"x":[0.4,0.4,0.4],"y":[0,0,0]},"t":1140,"s":[100,100,100]},{"t":1150,"s":[50,50,100]}],"ix":6}},"ao":0,"ip":1041,"op":1150,"st":0,"bm":0},{"ddd":0,"ind":13,"ty":2,"nm":"头像6.png","cl":"png","refId":"image_12","sr":1,"ks":{"o":{"a":1,"k":[{"i":{"x":[0.833],"y":[0.833]},"o":{"x":[0.167],"y":[0.167]},"t":817,"s":[0]},{"i":{"x":[0.833],"y":[0.833]},"o":{"x":[0.167],"y":[0.167]},"t":822,"s":[100]},{"i":{"x":[0.833],"y":[0.833]},"o":{"x":[0.167],"y":[0.167]},"t":962,"s":[100]},{"t":967,"s":[0]}],"ix":11},"r":{"a":0,"k":0,"ix":10},"p":{"a":1,"k":[{"i":{"x":0.833,"y":0.833},"o":{"x":0.167,"y":0.167},"t":817,"s":[605,1014,0],"to":[-48.333,-52.167,0],"ti":[5.833,85.167,0]},{"t":967,"s":[522,818,0]}],"ix":2},"a":{"a":0,"k":[58,58,0],"ix":1},"s":{"a":1,"k":[{"i":{"x":[0.6,0.6,0.6],"y":[1,1,1]},"o":{"x":[0.32,0.32,0.32],"y":[0.376,0.376,0]},"t":817,"s":[50,50,100]},{"i":{"x":[0.833,0.833,0.833],"y":[1,1,1]},"o":{"x":[0.167,0.167,0.167],"y":[0,0,0]},"t":827,"s":[100,100,100]},{"i":{"x":[0.68,0.68,0.68],"y":[0.06,0.06,1]},"o":{"x":[0.4,0.4,0.4],"y":[0,0,0]},"t":957,"s":[100,100,100]},{"t":967,"s":[50,50,100]}],"ix":6}},"ao":0,"ip":817,"op":967,"st":-33,"bm":0},{"ddd":0,"ind":14,"ty":2,"nm":"头像8.png","cl":"png","refId":"image_13","sr":1,"ks":{"o":{"a":1,"k":[{"i":{"x":[0.833],"y":[0.833]},"o":{"x":[0.167],"y":[0.167]},"t":350,"s":[0]},{"i":{"x":[0.833],"y":[0.833]},"o":{"x":[0.167],"y":[0.167]},"t":355,"s":[100]},{"i":{"x":[0.833],"y":[0.833]},"o":{"x":[0.167],"y":[0.167]},"t":430,"s":[100]},{"t":435,"s":[0]}],"ix":11},"r":{"a":0,"k":0,"ix":10},"p":{"a":1,"k":[{"i":{"x":0.833,"y":0.833},"o":{"x":0.167,"y":0.167},"t":350,"s":[1097,768,0],"to":[11.833,59.667,0],"ti":[96.167,-79.167,0]},{"t":550,"s":[1000,1030,0]}],"ix":2},"a":{"a":0,"k":[58,58,0],"ix":1},"s":{"a":1,"k":[{"i":{"x":[0.6,0.6,0.6],"y":[1,1,1]},"o":{"x":[0.32,0.32,0.32],"y":[0.94,0.94,0]},"t":350,"s":[50,50,100]},{"i":{"x":[0.833,0.833,0.833],"y":[1,1,1]},"o":{"x":[0.32,0.32,0.32],"y":[0,0,0]},"t":360,"s":[100,100,100]},{"i":{"x":[0.68,0.68,0.68],"y":[0.06,0.06,1]},"o":{"x":[0.4,0.4,0.4],"y":[0,0,0]},"t":425,"s":[100,100,100]},{"t":435,"s":[50,50,100]}],"ix":6}},"ao":0,"ip":350,"op":435,"st":0,"bm":0},{"ddd":0,"ind":15,"ty":2,"nm":"头像4.png","cl":"png","refId":"image_14","sr":1,"ks":{"o":{"a":1,"k":[{"i":{"x":[0.833],"y":[0.833]},"o":{"x":[0.167],"y":[0.167]},"t":110,"s":[0]},{"i":{"x":[0.833],"y":[0.833]},"o":{"x":[0.167],"y":[0.167]},"t":115,"s":[100]},{"i":{"x":[0.833],"y":[0.833]},"o":{"x":[0.167],"y":[0.167]},"t":220,"s":[100]},{"t":225,"s":[0]}],"ix":11},"r":{"a":0,"k":0,"ix":10},"p":{"a":1,"k":[{"i":{"x":0.833,"y":0.833},"o":{"x":0.167,"y":0.167},"t":110,"s":[872,529,0],"to":[75.333,17.5,0],"ti":[-31.333,-30.25,0]},{"t":225,"s":[1017,609,0]}],"ix":2},"a":{"a":0,"k":[58,58,0],"ix":1},"s":{"a":1,"k":[{"i":{"x":[0.6,0.6,0.6],"y":[1,1,1]},"o":{"x":[0.32,0.32,0.32],"y":[0.94,0.94,0]},"t":110,"s":[50,50,100]},{"i":{"x":[0.833,0.833,0.833],"y":[1,1,1]},"o":{"x":[0.32,0.32,0.32],"y":[0,0,0]},"t":120,"s":[100,100,100]},{"i":{"x":[0.68,0.68,0.68],"y":[0.06,0.06,1]},"o":{"x":[0.4,0.4,0.4],"y":[0,0,0]},"t":215,"s":[100,100,100]},{"t":225,"s":[50,50,100]}],"ix":6}},"ao":0,"ip":110,"op":225,"st":0,"bm":0},{"ddd":0,"ind":16,"ty":2,"nm":"头像1.png","cl":"png","refId":"image_15","sr":1,"ks":{"o":{"a":1,"k":[{"i":{"x":[0.833],"y":[0.833]},"o":{"x":[0.167],"y":[0.167]},"t":0,"s":[0]},{"i":{"x":[0.833],"y":[0.833]},"o":{"x":[0.167],"y":[0.167]},"t":5,"s":[100]},{"i":{"x":[0.833],"y":[0.833]},"o":{"x":[0.167],"y":[0.167]},"t":70,"s":[100]},{"t":75,"s":[0]}],"ix":11},"r":{"a":0,"k":0,"ix":10},"p":{"a":1,"k":[{"i":{"x":0.833,"y":0.833},"o":{"x":0.167,"y":0.167},"t":0,"s":[716,539,0],"to":[50.635,-21.208,0],"ti":[-106.751,-214.241,0]},{"t":300,"s":[1078.473,696.853,0]}],"ix":2},"a":{"a":0,"k":[58,58,0],"ix":1},"s":{"a":1,"k":[{"i":{"x":[0.6,0.6,0.6],"y":[1,1,1]},"o":{"x":[0.32,0.32,0.32],"y":[1.88,1.88,0]},"t":0,"s":[50,50,100]},{"i":{"x":[0.833,0.833,0.833],"y":[1,1,1]},"o":{"x":[0.167,0.167,0.167],"y":[0,0,0]},"t":10,"s":[100,100,100]},{"i":{"x":[0.68,0.68,0.68],"y":[0.06,0.06,1]},"o":{"x":[0.4,0.4,0.4],"y":[0,0,0]},"t":65,"s":[100,100,100]},{"t":75,"s":[50,50,100]}],"ix":6}},"ao":0,"ip":0,"op":75,"st":0,"bm":0},{"ddd":0,"ind":17,"ty":2,"nm":"圆环.png","cl":"png","refId":"image_16","sr":1,"ks":{"o":{"a":0,"k":100,"ix":11},"r":{"a":1,"k":[{"i":{"x":[0.833],"y":[0.833]},"o":{"x":[0.167],"y":[0.167]},"t":0,"s":[0]},{"i":{"x":[0.833],"y":[0.833]},"o":{"x":[0.167],"y":[0.167]},"t":625,"s":[180]},{"t":1249,"s":[360]}],"ix":10},"p":{"a":0,"k":[811.5,811.5,0],"ix":2},"a":{"a":0,"k":[613.5,613.5,0],"ix":1},"s":{"a":0,"k":[100,100,100],"ix":6}},"ao":0,"ip":0,"op":1250,"st":0,"bm":0}],"markers":[]}